{
  "run_dir": "pi_20260714-201812",
  "seeds": [
    0,
    1,
    2,
    3,
    4,
    5,
    6,
    7,
    8,
    9
  ],
  "acceptance": {
    "m_live": 0.05180921052631579,
    "m_shuffled": -0.006250000000000002,
    "crit1_median_live_positive": true,
    "crit2_live_gt_local": "10/10 (need >=8)",
    "crit2_pass": true,
    "crit3_live_gt_shuffled": "10/10 (need >=8)",
    "crit3_pass": true,
    "crit4_shuffled_le_075_live": true,
    "crit5_recovered": "10/10 (need >=7)",
    "crit5_pass": true,
    "crit6_no_permanent_silence": true,
    "permanently_silent_seeds": [],
    "overall_supportive": true
  },
  "contextual": {
    "baseline": {
      "csc_primary": {
        "n": 10,
        "mean": 0.0,
        "std": 0.0,
        "median": 0.0,
        "min": 0.0,
        "max": 0.0
      },
      "csc_per_seed": [
        0.0,
        0.0,
        0.0,
        0.0,
        0.0,
        0.0,
        0.0,
        0.0,
        0.0,
        0.0
      ],
      "reversal_csc": {
        "n": 10,
        "mean": 0.0,
        "std": 0.0,
        "median": 0.0,
        "min": 0.0,
        "max": 0.0
      },
      "total_charge": {
        "n": 10,
        "mean": 0.0,
        "std": 0.0,
        "median": 0.0,
        "min": 0.0,
        "max": 0.0
      },
      "l1i_spikes": {
        "n": 10,
        "mean": 0.0,
        "std": 0.0,
        "median": 0.0,
        "min": 0.0,
        "max": 0.0
      },
      "n_recovered": 0,
      "recovered_per_seed": [
        false,
        false,
        false,
        false,
        false,
        false,
        false,
        false,
        false,
        false
      ]
    },
    "legacy_feedback": {
      "csc_primary": {
        "n": 10,
        "mean": 0.04111842105263159,
        "std": 0.022530853730076333,
        "median": 0.03881578947368421,
        "min": 0.003289473684210495,
        "max": 0.09078947368421054
      },
      "csc_per_seed": [
        0.05065789473684211,
        0.05526315789473686,
        0.0368421052631579,
        0.05263157894736846,
        0.003289473684210495,
        0.04078947368421053,
        0.02631578947368421,
        0.01907894736842107,
        0.09078947368421054,
        0.035526315789473684
      ],
      "reversal_csc": {
        "n": 10,
        "mean": -0.01638157894736842,
        "std": 0.02301588109433303,
        "median": -0.013157894736842105,
        "min": -0.05263157894736843,
        "max": 0.01842105263157895
      },
      "total_charge": {
        "n": 10,
        "mean": 11566800.0,
        "std": 1402948.4523673705,
        "median": 11245500.0,
        "min": 9642000.0,
        "max": 14424000.0
      },
      "l1i_spikes": {
        "n": 10,
        "mean": 34703.1,
        "std": 4210.692970284108,
        "median": 33736.5,
        "min": 28926.0,
        "max": 43281.0
      },
      "n_recovered": 10,
      "recovered_per_seed": [
        true,
        true,
        true,
        true,
        true,
        true,
        true,
        true,
        true,
        true
      ]
    },
    "local_only": {
      "csc_primary": {
        "n": 10,
        "mean": 0.0,
        "std": 0.0,
        "median": 0.0,
        "min": 0.0,
        "max": 0.0
      },
      "csc_per_seed": [
        0.0,
        0.0,
        0.0,
        0.0,
        0.0,
        0.0,
        0.0,
        0.0,
        0.0,
        0.0
      ],
      "reversal_csc": {
        "n": 10,
        "mean": 0.0,
        "std": 0.0,
        "median": 0.0,
        "min": 0.0,
        "max": 0.0
      },
      "total_charge": {
        "n": 10,
        "mean": 0.0,
        "std": 0.0,
        "median": 0.0,
        "min": 0.0,
        "max": 0.0
      },
      "l1i_spikes": {
        "n": 10,
        "mean": 0.0,
        "std": 0.0,
        "median": 0.0,
        "min": 0.0,
        "max": 0.0
      },
      "n_recovered": 0,
      "recovered_per_seed": [
        false,
        false,
        false,
        false,
        false,
        false,
        false,
        false,
        false,
        false
      ]
    },
    "local_plus_feedback": {
      "csc_primary": {
        "n": 10,
        "mean": 0.04641447368421052,
        "std": 0.017308665397805387,
        "median": 0.05180921052631579,
        "min": 0.004934210526315798,
        "max": 0.06677631578947368
      },
      "csc_per_seed": [
        0.05559210526315789,
        0.05493421052631578,
        0.03026315789473684,
        0.05,
        0.04539473684210526,
        0.05361842105263157,
        0.004934210526315798,
        0.06414473684210525,
        0.06677631578947368,
        0.03848684210526315
      ],
      "reversal_csc": {
        "n": 10,
        "mean": -0.03325657894736842,
        "std": 0.01603796380139127,
        "median": -0.033881578947368415,
        "min": -0.058223684210526316,
        "max": -0.004605263157894744
      },
      "total_charge": {
        "n": 10,
        "mean": 5980460.144733659,
        "std": 570031.1074824876,
        "median": 5966257.757140003,
        "min": 5243306.361168092,
        "max": 7072997.384148121
      },
      "l1i_spikes": {
        "n": 10,
        "mean": 12341.2,
        "std": 1247.7460318510334,
        "median": 12337.0,
        "min": 10817.0,
        "max": 14835.0
      },
      "n_recovered": 10,
      "recovered_per_seed": [
        true,
        true,
        true,
        true,
        true,
        true,
        true,
        true,
        true,
        true
      ]
    },
    "time_shuffled_feedback": {
      "csc_primary": {
        "n": 10,
        "mean": -0.005526315789473687,
        "std": 0.00864174225149502,
        "median": -0.006250000000000002,
        "min": -0.018092105263157902,
        "max": 0.010855263157894736
      },
      "csc_per_seed": [
        -0.0006578947368421073,
        -0.009210526315789475,
        -0.018092105263157895,
        -0.0062500000000000056,
        0.010855263157894736,
        -0.006249999999999999,
        -0.008881578947368428,
        0.004934210526315777,
        -0.018092105263157902,
        -0.0036184210526315763
      ],
      "reversal_csc": {
        "n": 10,
        "mean": 0.0017763157894736855,
        "std": 0.00918959086860835,
        "median": 0.0029605263157894725,
        "min": -0.012828947368421051,
        "max": 0.021381578947368425
      },
      "total_charge": {
        "n": 10,
        "mean": 4640493.268106093,
        "std": 319389.88209084136,
        "median": 4626347.393165905,
        "min": 4221324.073760181,
        "max": 5269246.704070292
      },
      "l1i_spikes": {
        "n": 10,
        "mean": 10800.2,
        "std": 826.5171262593412,
        "median": 10748.0,
        "min": 9655.0,
        "max": 12502.0
      },
      "n_recovered": 10,
      "recovered_per_seed": [
        true,
        true,
        true,
        true,
        true,
        true,
        true,
        true,
        true,
        true
      ]
    }
  },
  "fourpattern": {
    "baseline": {
      "total_charge": {
        "n": 10,
        "mean": 0.0,
        "std": 0.0,
        "median": 0.0,
        "min": 0.0,
        "max": 0.0
      },
      "distinct_owners": {
        "n": 10,
        "mean": 3.2,
        "std": 0.7483314773547882,
        "median": 3.0,
        "min": 2.0,
        "max": 5.0
      }
    },
    "legacy_feedback": {
      "total_charge": {
        "n": 10,
        "mean": 4658700.0,
        "std": 523732.3839519569,
        "median": 4594500.0,
        "min": 4023000.0,
        "max": 5709000.0
      },
      "distinct_owners": {
        "n": 10,
        "mean": 3.2,
        "std": 0.7483314773547882,
        "median": 3.0,
        "min": 2.0,
        "max": 5.0
      }
    },
    "local_only": {
      "total_charge": {
        "n": 10,
        "mean": 0.0,
        "std": 0.0,
        "median": 0.0,
        "min": 0.0,
        "max": 0.0
      },
      "distinct_owners": {
        "n": 10,
        "mean": 3.2,
        "std": 0.7483314773547882,