{
  "config": "SimulationEngine(seed=1, **DASHBOARD_OVERRIDES)",
  "input": [
    0,
    0,
    0,
    1.0,
    1.0,
    1.0,
    0,
    0,
    0
  ],
  "input_name": "row 1",
  "steps": 40,
  "neuron_ids": [
    "L1E0",
    "L1E1",
    "L1E2",
    "L1E3",
    "L1E4",
    "L1E5",
    "L1E6",
    "L1E7",
    "L1E8",
    "L1I0",
    "L1I1",
    "L1I2",
    "L1I3",
    "L1I4",
    "L1I5",
    "L1I6",
    "L1I7",
    "L1I8",
    "L2E0",
    "L2E1",
    "L2E2",
    "L2E3",
    "L2E4",
    "L2E5",
    "L2E6",
    "L2E7",
    "L2I"
  ],
  "final_winner": "L2E5",
  "total_spikes_per_neuron": {
    "L1E0": 0,
    "L1E1": 0,
    "L1E2": 0,
    "L1E3": 40,
    "L1E4": 40,
    "L1E5": 40,
    "L1E6": 0,
    "L1E7": 0,
    "L1E8": 0,
    "L1I0": 0,
    "L1I1": 0,
    "L1I2": 0,
    "L1I3": 0,
    "L1I4": 0,
    "L1I5": 0,
    "L1I6": 0,
    "L1I7": 0,
    "L1I8": 0,
    "L2E0": 0,
    "L2E1": 0,
    "L2E2": 0,
    "L2E3": 0,
    "L2E4": 1,
    "L2E5": 1,
    "L2E6": 0,
    "L2E7": 0,
    "L2I": 0
  },
  "weights_final_first5": {
    "0->inh": 983.843012393327,
    "1->inh": 1067.0589359389853,
    "2->inh": 830.0574826907101,
    "3->inh": 816.9276009674354,
    "4->inh": 1075.2372141464004
  },
  "weights_final_sum": 76676.59131503884,
  "potentials_checksum": 1214101.0121193863
}