{"classification":"oracle expectation mismatch","events":[{"coincidence_status":true,"current_event_firing_result":false,"d_after_learning":4.404958677685951,"d_before_learning":4.0,"d_max":11.0,"eta":1.0,"maturity_threshold":5.0,"next_valid_coincidence_firing_result":false,"remaining_capacity_factor":0.6363636363636364,"somatic_charge":4.0,"squared_capacity_factor":0.4049586776859504,"step":0,"stored_delta":0.4049586776859506,"unrounded_delta":0.4049586776859504},{"coincidence_status":true,"current_event_firing_result":false,"d_after_learning":4.764417934239916,"d_before_learning":4.404958677685951,"d_max":11.0,"eta":1.0,"maturity_threshold":5.0,"next_valid_coincidence_firing_result":false,"remaining_capacity_factor":0.599549211119459,"somatic_charge":4.404958677685951,"squared_capacity_factor":0.35945925655396566,"step":1,"stored_delta":0.3594592565539658,"unrounded_delta":0.35945925655396566},{"coincidence_status":true,"current_event_firing_result":false,"d_after_learning":5.085760774726105,"d_before_learning":4.764417934239916,"d_max":11.0,"eta":1.0,"maturity_threshold":5.0,"next_valid_coincidence_firing_result":true,"remaining_capacity_factor":0.5668710968872803,"somatic_charge":4.764417934239916,"squared_capacity_factor":0.32134284048618833,"step":2,"stored_delta":0.32134284048618866,"unrounded_delta":0.32134284048618833},{"coincidence_status":true,"current_event_firing_result":true,"d_after_learning":5.374837019467993,"d_before_learning":5.085760774726105,"d_max":11.0,"eta":1.0,"maturity_threshold":5.0,"next_valid_coincidence_firing_result":null,"remaining_capacity_factor":0.5376581113885359,"somatic_charge":5.085760774726105,"squared_capacity_factor":0.2890762447418873,"step":3,"stored_delta":0.28907624474188776,"unrounded_delta":0.2890762447418873}]}
