{"version":1,"timestep":0,"symbols":{"counter":0,"bindings":[]},"pattern_owners":{},"central":{"membrane":0.0,"refractory_until":null,"inhibition_channels":[1.1,1.1,1.1,1.1]},"ring":[{"neuron_id":"nucleus_e_0","ring_index":0,"membrane":0.0,"refractory_until":null,"bound_pattern_edges":null,"bound_symbol":null,"prediction_edges":null,"eligibility_trace":0.0,"relay_conductances":{"l1_e_0":0.075,"l1_e_1":0.075,"l1_e_2":0.075,"l1_e_3":0.075,"l1_e_4":0.075,"l1_e_5":0.075,"l1_e_6":0.075,"l1_e_7":0.075,"l1_e_8":0.075},"sensory_conductances":{"input_r0_c0":0.5461289954928092,"input_r0_c1":0.5295272453645381,"input_r0_c2":0.46474974351952225,"input_r1_c0":0.43371201605624893,"input_r1_c1":0.48216474650277286,"input_r1_c2":0.46174735439047954,"input_r2_c0":0.5344893290946764,"input_r2_c1":0.44223604340715406,"input_r2_c2":0.4755066151972523}},{"neuron_id":"nucleus_e_1","ring_index":1,"membrane":0.0,"refractory_until":null,"bound_pattern_edges":null,"bound_symbol":null,"prediction_edges":null,"eligibility_trace":0.0,"relay_conductances":{"l1_e_0":0.075,"l1_e_1":0.075,"l1_e_2":0.075,"l1_e_3":0.075,"l1_e_4":0.075,"l1_e_5":0.075,"l1_e_6":0.075,"l1_e_7":0.075,"l1_e_8":0.075},"sensory_conductances":{"input_r0_c0":0.42541680709792856,"input_r0_c1":0.4799241727959242,"input_r0_c2":0.44072127814564815,"input_r1_c0":0.47346261005692303,"input_r1_c1":0.4277959266021891,"input_r1_c2":0.568516948910803,"input_r2_c0":0.5572471801441852,"input_r2_c1":0.5635259269640531,"input_r2_c2":0.4250695252807117}},{"neuron_id":"nucleus_e_2","ring_index":2,"membrane":0.0,"refractory_until":null,"bound_pattern_edges":null,"bound_symbol":null,"prediction_edges":null,"eligibility_trace":0.0,"relay_conductances":{"l1_e_0":0.075,"l1_e_1":0.075,"l1_e_2":0.075,"l1_e_3":0.075,"l1_e_4":0.075,"l1_e_5":0.075,"l1_e_6":0.075,"l1_e_7":0.075,"l1_e_8":0.075},"sensory_conductances":{"input_r0_c0":0.5664830006412334,"input_r0_c1":0.39796606622977465,"input_r0_c2":0.5743661650599591,"input_r1_c0":0.5261626597425737,"input_r1_c1":0.5514312089139694,"input_r1_c2":0.5400702414464743,"input_r2_c0":0.4373073415003785,"input_r2_c1":0.40829816800565416,"input_r2_c2":0.43255382747817317}},{"neuron_id":"nucleus_e_3","ring_index":3,"membrane":0.0,"refractory_until":null,"bound_pattern_edges":null,"bound_symbol":null,"prediction_edges":null,"eligibility_trace":0.0,"relay_conductances":{"l1_e_0":0.075,"l1_e_1":0.075,"l1_e_2":0.075,"l1_e_3":0.075,"l1_e_4":0.075,"l1_e_5":0.075,"l1_e_6":0.075,"l1_e_7":0.075,"l1_e_8":0.075},"sensory_conductances":{"input_r0_c0":0.5614887295191474,"input_r0_c1":0.4023507940477508,"input_r0_c2":0.5129531568261816,"input_r1_c0":0.3871852893394103,"input_r1_c1":0.4131210054689956,"input_r1_c2":0.5251436033124914,"input_r2_c0":0.4206721793087523,"input_r2_c1":0.5451966652182524,"input_r2_c2":0.3930018733205087}}],"ecological_pulse_index":0,"mastery_auto_stim":{"catalog_index":0,"phase":"learning","current_line_id":"H1"}}